{
  "name": "tg-miniapp-simple",
  "nodes": [
    {
      "parameters": {
        "httpMethod": "POST",
        "path": "submit",
        "responseMode": "responseNode"
      },
      "id": "webhook",
      "name": "Webhook",
      "type": "n8n-nodes-base.webhook",
      "typeVersion": 1,
      "position": [250, 300]
    },
    {
      "parameters": {
        "jsCode": "// Простая обработка данных\nconst body = $input.item.json.body || $input.item.json;\n\n// Валидация\nif (!body.profile) {\n  return { error: 'Profile is required' };\n}\n\n// Возвращаем данные для следующего шага\nreturn {\n  profile: body.profile,\n  user: body.user,\n  contact: body.contact\n};"
      },
      "id": "process",
      "name": "Process Data",
      "type": "n8n-nodes-base.code",
      "typeVersion": 2,
      "position": [450, 300]
    },
    {
      "parameters": {
        "method": "POST",
        "url": "={{ $env.SUPABASE_URL }}/rest/v1/profiles",
        "sendHeaders": true,
        "headerParameters": {
          "parameters": [
            {
              "name": "apikey",
              "value": "={{ $env.SUPABASE_ANON_KEY }}"
            },
            {
              "name": "Authorization",
              "value": "=Bearer {{ $env.SUPABASE_SERVICE_KEY }}"
            },
            {
              "name": "Content-Type",
              "value": "application/json"
            }
          ]
        },
        "sendBody": true,
        "specifyBody": "json",
        "jsonBody": "={\n  \"sex\": \"{{ $json.profile.sex }}\",\n  \"height_cm\": {{ $json.profile.height_cm }},\n  \"weight_kg\": {{ $json.profile.weight_kg }},\n  \"age\": {{ $json.profile.age }},\n  \"activity_level\": \"{{ $json.profile.activity_level }}\",\n  \"goal\": \"{{ $json.profile.goal }}\",\n  \"preferences\": {{ JSON.stringify($json.profile.preferences || {}) }}\n}"
      },
      "id": "supabase",
      "name": "Save to Supabase",
      "type": "n8n-nodes-base.httpRequest",
      "typeVersion": 4.1,
      "position": [650, 300]
    },
    {
      "parameters": {
        "respondWith": "json",
        "responseBody": "={{ { success: true, profile_id: $json.id || $json[0]?.id } }}"
      },
      "id": "respond",
      "name": "Respond",
      "type": "n8n-nodes-base.respondToWebhook",
      "typeVersion": 1,
      "position": [850, 300]
    }
  ],
  "connections": {
    "Webhook": {
      "main": [
        [
          {
            "node": "Process Data",
            "type": "main",
            "index": 0
          }
        ]
      ]
    },
    "Process Data": {
      "main": [
        [
          {
            "node": "Save to Supabase",
            "type": "main",
            "index": 0
          }
        ]
      ]
    },
    "Save to Supabase": {
      "main": [
        [
          {
            "node": "Respond",
            "type": "main",
            "index": 0
          }
        ]
      ]
    }
  },
  "pinData": {},
  "settings": {
    "executionOrder": "v1"
  },
  "staticData": null,
  "tags": [],
  "triggerCount": 1,
  "updatedAt": "2024-01-01T00:00:00.000Z",
  "versionId": "1"
}

