{
  "name": "tg-miniapp-fitness-workflow",
  "nodes": [
    {
      "parameters": {
        "httpMethod": "POST",
        "path": "submit-profile",
        "responseMode": "responseNode",
        "options": {}
      },
      "id": "webhook-trigger",
      "name": "Webhook",
      "type": "n8n-nodes-base.webhook",
      "typeVersion": 1,
      "position": [250, 300],
      "webhookId": "submit-profile"
    },
    {
      "parameters": {
        "conditions": {
          "options": {
            "caseSensitive": true,
            "leftValue": "",
            "typeValidation": "strict"
          },
          "conditions": [
            {
              "id": "validate-profile",
              "leftValue": "={{ $json.body.profile }}",
              "rightValue": "",
              "operator": {
                "type": "object",
                "operation": "notEmpty"
              }
            }
          ],
          "combinator": "and"
        },
        "options": {}
      },
      "id": "validate-data",
      "name": "IF",
      "type": "n8n-nodes-base.if",
      "typeVersion": 1,
      "position": [450, 300]
    },
    {
      "parameters": {
        "method": "POST",
        "url": "={{ $env.SUPABASE_URL }}/rest/v1/profiles",
        "sendHeaders": true,
        "headerParameters": {
          "parameters": [
            {
              "name": "apikey",
              "value": "={{ $env.SUPABASE_ANON_KEY }}"
            },
            {
              "name": "Authorization",
              "value": "=Bearer {{ $env.SUPABASE_SERVICE_KEY }}"
            },
            {
              "name": "Content-Type",
              "value": "application/json"
            },
            {
              "name": "Prefer",
              "value": "return=representation"
            }
          ]
        },
        "sendBody": true,
        "specifyBody": "json",
        "jsonBody": "={\n  \"user_id\": \"{{ $json.body.user?.id }}\",\n  \"sex\": \"{{ $json.body.profile.sex }}\",\n  \"height_cm\": {{ $json.body.profile.height_cm }},\n  \"weight_kg\": {{ $json.body.profile.weight_kg }},\n  \"age\": {{ $json.body.profile.age }},\n  \"activity_level\": \"{{ $json.body.profile.activity_level }}\",\n  \"training_per_week\": {{ $json.body.profile.training_per_week }},\n  \"goal\": \"{{ $json.body.profile.goal }}\",\n  \"preferences\": {\n    \"grains\": {{ JSON.stringify($json.body.profile.grains || []) }},\n    \"allergies\": {{ JSON.stringify($json.body.profile.allergies || []) }},\n    \"dietary_restrictions\": {{ JSON.stringify($json.body.profile.dietary_restrictions || []) }},\n    \"cooking_frequency\": \"{{ $json.body.profile.cooking_frequency }}\"\n  }\n}",
        "options": {}
      },
      "id": "save-profile",
      "name": "Save Profile",
      "type": "n8n-nodes-base.httpRequest",
      "typeVersion": 4.1,
      "position": [650, 200]
    },
    {
      "parameters": {
        "method": "POST",
        "url": "={{ $env.CALCULATOR_API_URL }}/calculate",
        "sendHeaders": true,
        "headerParameters": {
          "parameters": [
            {
              "name": "Content-Type",
              "value": "application/json"
            }
          ]
        },
        "sendBody": true,
        "specifyBody": "json",
        "jsonBody": "={\n  \"profile\": {\n    \"sex\": \"{{ $json.body.profile.sex }}\",\n    \"weight_kg\": {{ $json.body.profile.weight_kg }},\n    \"height_cm\": {{ $json.body.profile.height_cm }},\n    \"age\": {{ $json.body.profile.age }},\n    \"activity_level\": \"{{ $json.body.profile.activity_level }}\",\n    \"training_per_week\": {{ $json.body.profile.training_per_week }},\n    \"goal\": \"{{ $json.body.profile.goal }}\"\n  }\n}",
        "options": {}
      },
      "id": "calculate-kbju",
      "name": "Calculate KBJU",
      "type": "n8n-nodes-base.httpRequest",
      "typeVersion": 4.1,
      "position": [850, 200]
    },
    {
      "parameters": {
        "jsCode": "const profile = $input.item.json.body.profile;\nconst kbju = $input.item.json.data || $input.item.json;\nconst savedProfile = $('Save Profile').item.json;\n\nreturn {\n  profile_id: savedProfile.id || savedProfile[0]?.id,\n  kbju: kbju,\n  preferences: profile.preferences || {},\n  meals: []\n};"
      },
      "id": "find-recipes",
      "name": "Code",
      "type": "n8n-nodes-base.code",
      "typeVersion": 2,
      "position": [1050, 200]
    },
    {
      "parameters": {
        "respondWith": "json",
        "responseBody": "={{ { success: true, message: 'Profile processed', profile_id: $json.profile_id } }}",
        "options": {}
      },
      "id": "respond-success",
      "name": "Respond to Webhook",
      "type": "n8n-nodes-base.respondToWebhook",
      "typeVersion": 1,
      "position": [1250, 200]
    },
    {
      "parameters": {
        "respondWith": "json",
        "responseBody": "={{ { success: false, error: 'Invalid profile data' } }}",
        "options": {}
      },
      "id": "respond-error",
      "name": "Respond Error",
      "type": "n8n-nodes-base.respondToWebhook",
      "typeVersion": 1,
      "position": [650, 400]
    }
  ],
  "connections": {
    "Webhook": {
      "main": [
        [
          {
            "node": "IF",
            "type": "main",
            "index": 0
          }
        ]
      ]
    },
    "IF": {
      "main": [
        [
          {
            "node": "Save Profile",
            "type": "main",
            "index": 0
          }
        ],
        [
          {
            "node": "Respond Error",
            "type": "main",
            "index": 0
          }
        ]
      ]
    },
    "Save Profile": {
      "main": [
        [
          {
            "node": "Calculate KBJU",
            "type": "main",
            "index": 0
          }
        ]
      ]
    },
    "Calculate KBJU": {
      "main": [
        [
          {
            "node": "Code",
            "type": "main",
            "index": 0
          }
        ]
      ]
    },
    "Code": {
      "main": [
        [
          {
            "node": "Respond to Webhook",
            "type": "main",
            "index": 0
          }
        ]
      ]
    }
  },
  "pinData": {},
  "settings": {
    "executionOrder": "v1"
  },
  "staticData": null,
  "tags": [],
  "triggerCount": 1,
  "updatedAt": "2024-01-01T00:00:00.000Z",
  "versionId": "1"
}
