{
  "name": "Telegram Mini App - Submit Profile",
  "nodes": [
    {
      "parameters": {
        "httpMethod": "POST",
        "path": "submit-profile",
        "responseMode": "responseNode"
      },
      "id": "webhook-node",
      "name": "Webhook",
      "type": "n8n-nodes-base.webhook",
      "typeVersion": 1,
      "position": [240, 300]
    },
    {
      "parameters": {
        "jsCode": "const body = $input.item.json.body || $input.item.json;\n\nreturn {\n  profile: body.profile,\n  user: body.user,\n  contact: body.contact\n};"
      },
      "id": "code-node",
      "name": "Process Data",
      "type": "n8n-nodes-base.code",
      "typeVersion": 2,
      "position": [460, 300]
    },
    {
      "parameters": {
        "method": "POST",
        "url": "={{ $env.SUPABASE_URL }}/rest/v1/profiles",
        "sendHeaders": true,
        "headerParameters": {
          "parameters": [
            {
              "name": "apikey",
              "value": "={{ $env.SUPABASE_ANON_KEY }}"
            },
            {
              "name": "Authorization",
              "value": "=Bearer {{ $env.SUPABASE_SERVICE_KEY }}"
            },
            {
              "name": "Content-Type",
              "value": "application/json"
            }
          ]
        },
        "sendBody": true,
        "specifyBody": "json",
        "jsonBody": "={\n  \"sex\": \"{{ $json.profile.sex }}\",\n  \"height_cm\": {{ $json.profile.height_cm }},\n  \"weight_kg\": {{ $json.profile.weight_kg }},\n  \"age\": {{ $json.profile.age }},\n  \"activity_level\": \"{{ $json.profile.activity_level }}\",\n  \"training_per_week\": {{ $json.profile.training_per_week }},\n  \"goal\": \"{{ $json.profile.goal }}\",\n  \"preferences\": {{ JSON.stringify({\n    grains: $json.profile.grains || [],\n    allergies: $json.profile.allergies || [],\n    dietary_restrictions: $json.profile.dietary_restrictions || [],\n    cooking_frequency: $json.profile.cooking_frequency\n  }) }}\n}"
      },
      "id": "http-node",
      "name": "Save to Supabase",
      "type": "n8n-nodes-base.httpRequest",
      "typeVersion": 4.1,
      "position": [680, 300]
    },
    {
      "parameters": {
        "respondWith": "json",
        "responseBody": "={\n  \"success\": true,\n  \"profile_id\": \"{{ $json.id }}\"\n}"
      },
      "id": "respond-node",
      "name": "Respond",
      "type": "n8n-nodes-base.respondToWebhook",
      "typeVersion": 1,
      "position": [900, 300]
    }
  ],
  "connections": {
    "Webhook": {
      "main": [
        [
          {
            "node": "Process Data",
            "type": "main",
            "index": 0
          }
        ]
      ]
    },
    "Process Data": {
      "main": [
        [
          {
            "node": "Save to Supabase",
            "type": "main",
            "index": 0
          }
        ]
      ]
    },
    "Save to Supabase": {
      "main": [
        [
          {
            "node": "Respond",
            "type": "main",
            "index": 0
          }
        ]
      ]
    }
  },
  "pinData": {},
  "settings": {
    "executionOrder": "v1"
  },
  "staticData": null,
  "tags": [],
  "triggerCount": 1,
  "updatedAt": "2024-01-01T00:00:00.000Z",
  "versionId": "1"
}

