{
  "name": "Telegram Mini App - Complete Flow",
  "nodes": [
    {
      "parameters": {
        "httpMethod": "POST",
        "path": "submit-profile",
        "responseMode": "responseNode"
      },
      "id": "webhook-profile",
      "name": "Webhook: Submit Profile",
      "type": "n8n-nodes-base.webhook",
      "typeVersion": 1,
      "position": [240, 300]
    },
    {
      "parameters": {
        "httpMethod": "POST",
        "path": "payment-confirm",
        "responseMode": "responseNode"
      },
      "id": "webhook-payment",
      "name": "Webhook: Payment Confirm",
      "type": "n8n-nodes-base.webhook",
      "typeVersion": 1,
      "position": [240, 600]
    },
    {
      "parameters": {
        "jsCode": "// Обработка данных профиля из webapp\nconst body = $input.item.json.body || $input.item.json;\n\nconst profile = body.profile || {};\nconst user = body.user || {};\nconst contact = body.contact || {};\n\nreturn {\n  telegramUserId: user.id || null,\n  profile: {\n    sex: profile.sex,\n    height_cm: profile.height_cm,\n    weight_kg: profile.weight_kg,\n    age: profile.age,\n    activity_level: profile.activity_level,\n    training_per_week: profile.training_per_week || 0,\n    goal: profile.goal,\n    grains: profile.grains || [],\n    allergies: profile.allergies || [],\n    dietary_restrictions: profile.dietary_restrictions || [],\n    cooking_frequency: profile.cooking_frequency || 'Каждый день'\n  },\n  contact: {\n    name: contact.name,\n    email: contact.email,\n    phone: contact.phone\n  },\n  status: 'pending_payment'\n};"
      },
      "id": "process-profile",
      "name": "Process Profile",
      "type": "n8n-nodes-base.code",
      "typeVersion": 2,
      "position": [460, 300]
    },
    {
      "parameters": {
        "operation": "insert",
        "tableId": "profiles",
        "fieldsUi": {
          "fieldValues": [
            {
              "fieldId": "sex",
              "fieldValue": "={{ $json.profile.sex }}"
            },
            {
              "fieldId": "height_cm",
              "fieldValue": "={{ $json.profile.height_cm }}"
            },
            {
              "fieldId": "weight_kg",
              "fieldValue": "={{ $json.profile.weight_kg }}"
            },
            {
              "fieldId": "age",
              "fieldValue": "={{ $json.profile.age }}"
            },
            {
              "fieldId": "activity_level",
              "fieldValue": "={{ $json.profile.activity_level }}"
            },
            {
              "fieldId": "training_per_week",
              "fieldValue": "={{ $json.profile.training_per_week }}"
            },
            {
              "fieldId": "goal",
              "fieldValue": "={{ $json.profile.goal }}"
            },
            {
              "fieldId": "preferences",
              "fieldValue": "={{ JSON.stringify($json.profile) }}"
            }
          ]
        }
      },
      "id": "save-profile",
      "name": "Save Profile",
      "type": "n8n-nodes-base.supabase",
      "typeVersion": 1,
      "position": [680, 300],
      "credentials": {
        "supabaseApi": {
          "id": "yrqvyBsa3Q0psOMt",
          "name": "Supabase account"
        }
      }
    },
    {
      "parameters": {
        "jsCode": "// Обработка подтверждения оплаты\nconst body = $input.item.json.body || $input.item.json;\n\nconst paymentData = {\n  profileId: body.profileId,\n  amount: body.amount,\n  currency: body.currency || 'RUB',\n  paymentMethod: body.paymentMethod || 'telegram',\n  status: body.status || 'paid',\n  paymentProviderId: body.paymentProviderId || null,\n  timestamp: body.timestamp || new Date().toISOString()\n};\n\nreturn paymentData;"
      },
      "id": "process-payment",
      "name": "Process Payment",
      "type": "n8n-nodes-base.code",
      "typeVersion": 2,
      "position": [460, 600]
    },
    {
      "parameters": {
        "operation": "insert",
        "tableId": "payments",
        "fieldsUi": {
          "fieldValues": [
            {
              "fieldId": "user_id",
              "fieldValue": "={{ $json.telegramUserId }}"
            },
            {
              "fieldId": "plan_id",
              "fieldValue": "={{ $json.planId || null }}"
            },
            {
              "fieldId": "amount",
              "fieldValue": "={{ $json.amount }}"
            },
            {
              "fieldId": "currency",
              "fieldValue": "={{ $json.currency }}"
            },
            {
              "fieldId": "payment_method",
              "fieldValue": "={{ $json.paymentMethod }}"
            },
            {
              "fieldId": "payment_provider_id",
              "fieldValue": "={{ $json.paymentProviderId }}"
            },
            {
              "fieldId": "status",
              "fieldValue": "={{ $json.status }}"
            },
            {
              "fieldId": "metadata",
              "fieldValue": "={{ JSON.stringify($json) }}"
            }
          ]
        }
      },
      "id": "save-payment",
      "name": "Save Payment",
      "type": "n8n-nodes-base.supabase",
      "typeVersion": 1,
      "position": [680, 600],
      "credentials": {
        "supabaseApi": {
          "id": "yrqvyBsa3Q0psOMt",
          "name": "Supabase account"
        }
      }
    },
    {
      "parameters": {
        "operation": "get",
        "tableId": "profiles",
        "filters": {
          "conditions": [
            {
              "keyName": "id",
              "keyValue": "={{ $json.profileId }}"
            }
          ]
        }
      },
      "id": "get-profile",
      "name": "Get Profile",
      "type": "n8n-nodes-base.supabase",
      "typeVersion": 1,
      "position": [900, 600],
      "credentials": {
        "supabaseApi": {
          "id": "yrqvyBsa3Q0psOMt",
          "name": "Supabase account"
        }
      }
    },
    {
      "parameters": {
        "respondWith": "json",
        "responseBody": "={\n  \"success\": true,\n  \"profile_id\": \"{{ $json.id }}\",\n  \"message\": \"Профиль сохранен. Ожидайте оплаты.\"\n}"
      },
      "id": "respond-profile",
      "name": "Respond Profile",
      "type": "n8n-nodes-base.respondToWebhook",
      "typeVersion": 1,
      "position": [900, 300]
    },
    {
      "parameters": {
        "respondWith": "json",
        "responseBody": "={\n  \"success\": true,\n  \"payment_id\": \"{{ $json.id }}\",\n  \"message\": \"Оплата обработана. Генерируем план...\"\n}"
      },
      "id": "respond-payment",
      "name": "Respond Payment",
      "type": "n8n-nodes-base.respondToWebhook",
      "typeVersion": 1,
      "position": [1120, 600]
    }
  ],
  "connections": {
    "Webhook: Submit Profile": {
      "main": [
        [
          {
            "node": "Process Profile",
            "type": "main",
            "index": 0
          }
        ]
      ]
    },
    "Process Profile": {
      "main": [
        [
          {
            "node": "Save Profile",
            "type": "main",
            "index": 0
          }
        ]
      ]
    },
    "Save Profile": {
      "main": [
        [
          {
            "node": "Respond Profile",
            "type": "main",
            "index": 0
          }
        ]
      ]
    },
    "Webhook: Payment Confirm": {
      "main": [
        [
          {
            "node": "Process Payment",
            "type": "main",
            "index": 0
          }
        ]
      ]
    },
    "Process Payment": {
      "main": [
        [
          {
            "node": "Save Payment",
            "type": "main",
            "index": 0
          }
        ]
      ]
    },
    "Save Payment": {
      "main": [
        [
          {
            "node": "Get Profile",
            "type": "main",
            "index": 0
          }
        ]
      ]
    },
    "Get Profile": {
      "main": [
        [
          {
            "node": "Respond Payment",
            "type": "main",
            "index": 0
          }
        ]
      ]
    }
  },
  "pinData": {},
  "settings": {
    "executionOrder": "v1"
  },
  "staticData": null,
  "tags": [],
  "triggerCount": 2,
  "updatedAt": "2024-01-01T00:00:00.000Z",
  "versionId": "1"
}

